client_id,nps_score,response_time_hrs,escalations,satisfied
1,37,454.89,405.9,1
2,32,133.47,454.64,1
3,57,444.33,317.48,1
4,85,259.18,105.82,0
5,35,494.19,132.09,1
6,91,321.6,433.33,1
7,80,20.94,474.8,0
8,91,396.82,27.78,0
9,37,373.33,106.35,0
10,58,155.37,218.92,0
11,28,223.01,230.26,0
12,64,62.65,300.73,0
13,44,189.3,387.35,1
14,42,128.19,367.73,0
15,89,336.31,470.19,1
16,61,410.4,175.96,1
17,91,75.05,188.62,0
18,43,116.71,199.47,0
19,65,259.22,223.75,0
20,57,296.77,175.88,0
21,74,287.85,81.01,0
22,43,356.78,103.15,0
23,68,319.42,61.13,0
24,33,136.04,285.91,0
25,25,230.78,243.62,0
26,91,372.87,229.41,1
27,84,70.77,344.92,0
28,90,255.03,174.26,0
29,90,425.47,455.71,1
30,21,248.51,467.16,1
31,60,152.07,492.94,1
32,40,100.49,314.78,0
33,79,87.42,499.48,1
34,91,457.63,306.84,1
35,47,489.65,298.8,1
36,67,415.2,162.65,1
37,70,89.76,453.65,1
38,65,298.82,473.23,1
39,57,385.27,116.88,0
40,29,198.45,70.24,0
41,68,155.77,486.37,1
42,77,146.63,326.39,0
43,49,335.79,375.2,1
44,69,248.07,308.46,1
45,26,204.86,177.69,0
46,34,87.53,483.46,1
47,50,479.74,107.36,1
48,82,154.87,251.48,0
49,83,294.98,314.07,1
50,27,418.12,401.75,1
51,62,499.13,465.76,1
52,20,353.99,497.9,1
53,87,124.34,381.3,0
54,45,411.42,488.42,1
55,84,300.28,265.99,1
56,85,30.31,471.11,0
57,57,31.84,458.02,0
58,55,100.18,180.23,0
59,84,271.08,201.01,0
60,43,154.75,166.66,0
61,27,230.83,185.61,0
62,94,349.21,481.67,1
63,21,203.43,331.34,0
64,71,70.94,125.41,0
65,60,354.03,233.81,1
66,77,253.94,46.2,0
67,24,403.5,402.6,1
68,58,218.6,19.49,0
69,30,478.2,247.34,1
70,88,341.6,399.08,1
71,63,314.51,430.98,1
72,75,246.63,204.54,0
73,67,178.07,300.65,0
74,72,379.83,381.56,1
75,52,426.86,368.09,1
76,54,324.61,13.48,0
77,51,233.15,23.26,0
78,39,172.66,428.98,1
79,85,121.3,184.27,0
80,38,395.89,34.25,0
81,69,222.87,451.21,1
82,69,357.79,344.44,1
83,56,34.16,31.36,0
84,58,196.28,184.71,0
85,37,243.66,298.69,0
86,34,144.74,453.31,1
87,46,238.37,298.97,0
88,53,76.61,96.33,0
89,57,286.42,331.4,1
90,20,239.14,75.98,0
91,78,298.98,148.02,0
92,89,250.59,454.21,1
93,34,128.94,101.4,0
94,52,64.73,243.81,0
95,49,425.26,36.28,0
96,38,147.06,493.21,1
97,88,406.18,193.36,1
98,76,70.78,258.34,0
99,83,196.07,305.79,0
100,63,243.95,352.13,1
101,81,113.22,429.11,1
102,39,411.5,87.04,0
103,36,340.35,413.54,1
104,84,416.17,454.66,1
105,78,22.86,82.11,0
106,46,434.0,465.24,1
107,50,88.39,139.19,0
108,38,350.31,223.45,1
109,48,347.65,316.5,1
110,21,150.57,465.54,1
111,88,111.91,190.4,0
112,53,310.87,191.03,0
113,78,202.39,461.6,1
114,66,285.73,402.62,1
115,24,246.67,470.53,1
116,38,312.38,169.08,0
117,66,109.54,194.85,0
118,22,207.62,160.02,0
119,69,258.38,70.42,0
120,64,134.24,243.81,0
121,25,485.53,475.62,1
122,35,366.14,63.57,0
123,59,38.36,300.84,0
124,76,437.84,259.17,1
125,44,479.64,369.53,1
126,45,76.72,94.56,0
127,89,196.8,368.71,1
128,20,77.42,386.46,0
129,27,433.17,247.08,1
130,62,12.59,297.2,0
131,69,29.02,298.32,0
132,82,319.29,271.89,1
133,66,400.08,358.37,1
134,25,329.45,261.23,1
135,34,482.65,89.97,1
136,38,476.04,420.36,1
137,34,133.5,137.38,0
138,89,408.26,41.76,0
139,54,422.35,371.72,1
140,72,462.45,30.56,0
141,59,32.41,409.85,0
142,51,481.71,334.79,1
143,92,454.44,121.23,1
144,23,435.46,373.37,1
145,94,25.27,81.19,0
146,94,296.51,173.58,0
147,76,344.81,168.3,0
148,63,454.42,72.38,0
149,83,39.42,138.11,0
150,28,209.78,381.34,1
151,88,221.95,437.09,1
152,85,237.65,302.0,1
153,80,454.85,265.65,1
154,90,474.27,168.1,1
155,70,280.64,487.41,1
156,93,109.95,111.04,0
157,46,495.96,403.61,1
158,77,190.67,316.22,0
159,27,64.32,413.74,0
160,65,50.42,211.1,0
161,23,108.97,284.36,0
162,91,387.12,415.19,1
163,42,285.68,133.81,0
164,86,83.95,335.46,0
165,55,295.84,222.08,0
166,21,474.62,207.26,1
167,46,143.3,205.95,0
168,44,427.34,267.88,1
169,23,349.49,240.4,1
170,88,114.4,290.78,0
171,68,242.6,323.68,1
172,76,361.1,83.0,0
173,83,282.82,73.77,0
174,70,433.8,71.18,0
175,84,407.02,177.77,1
176,88,208.18,176.58,0
177,48,69.28,75.07,0
178,51,367.53,63.97,0
179,61,392.32,123.03,0
180,92,299.33,142.63,0
181,45,308.3,118.75,0
182,44,487.25,145.56,1
183,39,34.38,170.33,0
184,55,35.55,370.54,0
185,24,244.57,379.56,1
186,76,68.15,161.11,0
187,42,477.57,83.3,1
188,21,165.05,136.46,0
189,54,485.99,350.63,1
190,54,383.03,52.23,0
191,37,248.23,408.08,1
192,55,143.39,20.9,0
193,60,338.75,208.51,1
194,26,229.36,250.02,0
195,73,150.34,43.18,0
196,33,287.94,260.44,0
197,35,429.93,186.14,1
198,65,364.18,39.43,0
199,75,275.56,332.34,1
200,82,251.16,494.95,1
201,25,316.26,421.32,1
202,72,316.86,254.61,1
203,71,121.6,124.34,0
204,51,112.13,289.32,0
205,34,96.36,236.64,0
206,42,35.2,496.92,0
207,57,333.2,317.95,1
208,91,95.12,477.0,1
209,85,192.03,79.72,0
210,33,486.46,450.24,1
211,61,282.31,227.86,0
212,43,53.29,23.93,0
213,29,83.73,344.24,0
214,20,316.85,54.15,0
215,92,385.0,474.67,1
216,67,113.11,375.82,0
217,88,361.68,287.64,1
218,75,478.98,319.19,1
219,60,394.57,462.97,1
220,60,18.26,434.86,0
221,34,50.42,43.24,0
222,37,316.49,78.15,0
223,78,167.2,107.43,0
224,61,357.73,62.25,0
225,79,371.27,287.7,1
226,60,42.14,47.98,0
227,27,256.67,363.45,1
228,85,413.88,274.06,1
229,37,335.78,251.31,1
230,61,306.83,229.64,1
231,62,33.26,320.08,0
232,63,151.42,113.89,0
233,70,141.43,417.0,1
234,55,335.09,226.31,1
235,33,366.83,102.03,0
236,71,399.39,318.89,1
237,50,478.12,173.78,1
238,26,20.56,420.5,0
239,90,168.73,142.88,0
240,90,314.45,16.16,0
241,85,257.27,176.96,0
242,74,359.4,174.09,1
243,57,487.02,276.03,1
244,30,497.26,278.71,1
245,89,170.88,469.25,1
246,70,327.28,199.8,1
247,93,249.09,267.62,1
248,82,303.88,487.05,1
249,40,338.63,144.6,0
250,35,301.67,273.89,1
251,88,10.69,61.08,0
252,39,115.83,266.64,0
253,70,46.54,61.76,0
254,85,253.43,11.77,0
255,65,156.74,297.8,0
256,61,156.53,344.61,0
257,44,231.77,392.23,1
258,60,84.02,218.72,0
259,60,445.84,72.09,0
260,77,57.64,306.78,0
261,42,425.5,419.29,1
262,40,51.0,21.64,0
263,36,80.79,83.35,0
264,53,440.01,280.78,1
265,77,150.87,291.93,0
266,89,160.83,407.54,1
267,32,463.42,287.42,1
268,45,326.18,160.46,0
269,56,403.86,195.15,1
270,74,305.15,256.18,1
271,53,102.61,67.14,0
272,56,134.02,356.03,0
273,37,419.81,356.16,1
274,90,257.97,180.19,0
275,88,417.87,372.48,1
276,79,487.88,486.29,1
277,41,150.51,333.89,0
278,92,154.85,284.55,0
279,72,156.58,55.39,0
280,25,175.95,114.69,0
281,47,192.73,236.47,0
282,28,375.53,410.53,1
283,70,31.58,317.06,0
284,81,249.06,268.48,1
285,88,129.41,134.92,0
286,34,15.78,389.13,0
287,65,435.49,387.8,1
288,86,427.05,171.49,1
289,24,11.07,45.6,0
290,46,445.9,145.07,1
291,70,374.89,162.23,1
292,92,209.85,448.94,1
293,39,141.68,276.85,0
294,68,158.84,81.29,0
295,71,204.29,289.53,0
296,39,282.67,406.39,1
297,89,86.56,168.42,0
298,65,344.93,100.1,0
299,64,294.58,460.47,1
300,75,10.63,254.41,0
301,36,161.1,253.41,0
302,63,353.41,405.66,1
303,85,63.49,241.09,0
304,37,206.08,482.04,1
305,84,87.58,133.91,0
306,25,376.93,110.57,0
307,92,215.64,11.84,0
308,83,452.35,139.84,1
309,84,37.44,326.52,0
310,85,238.95,250.74,0
311,88,185.36,231.48,0
312,32,391.33,278.65,1
313,91,447.52,108.85,1
314,29,338.08,359.44,1
315,20,309.79,353.34,1
316,29,140.66,65.43,0
317,23,496.15,461.48,1
318,63,10.55,261.46,0
319,35,192.93,37.88,0
320,50,90.85,29.91,0
321,35,189.24,54.15,0
322,62,70.93,431.99,0
323,90,499.96,475.57,1
324,77,226.85,63.49,0
325,32,499.79,135.9,1
326,36,75.82,422.02,0
327,30,180.4,459.13,1
328,94,444.43,456.62,1
329,65,93.47,268.72,0
330,30,495.68,195.06,1
331,84,39.92,172.4,0
332,79,440.51,304.2,1
333,21,423.9,298.62,1
334,82,465.41,316.8,1
335,82,101.04,301.84,0
336,87,288.09,365.06,1
337,22,426.06,283.39,1
338,76,309.32,292.57,1
339,47,76.22,458.33,0
340,20,427.0,129.28,0
341,43,348.85,422.35,1
342,43,249.26,83.04,0
343,73,195.27,329.75,1
344,27,68.61,223.11,0
345,53,166.8,210.03,0
346,29,426.92,319.52,1
347,41,202.16,344.69,0
348,63,51.31,217.22,0
349,35,469.94,403.67,1
350,46,270.08,221.13,0
351,37,309.32,28.4,0
352,80,460.18,283.28,1
353,34,260.24,30.64,0
354,35,389.71,432.88,1
355,78,297.57,13.05,0
356,21,144.13,270.38,0
357,89,76.64,488.36,1
358,52,452.06,239.19,1
359,93,423.29,442.19,1
360,28,377.07,387.73,1
361,61,452.55,191.17,1
362,59,287.82,435.41,1
363,80,273.31,382.09,1
364,50,137.16,147.13,0
365,89,143.09,435.65,1
366,93,194.91,89.33,0
367,87,390.58,498.33,1
368,94,381.68,396.01,1
369,70,329.7,358.61,1
370,89,24.71,262.02,0
371,84,41.49,113.87,0
372,37,341.51,278.63,1
373,79,30.74,170.16,0
374,67,401.64,489.71,1
375,30,126.7,237.1,0
376,61,306.25,17.35,0
377,77,149.01,24.15,0
378,70,40.93,215.73,0
379,38,335.93,333.91,1
380,24,39.67,262.81,0
381,26,480.74,492.98,1
382,51,475.41,477.5,1
383,56,101.14,279.76,0
384,69,343.86,101.14,0
385,73,371.68,211.12,1
386,68,163.09,352.42,0
387,54,15.39,47.49,0
388,38,458.24,300.79,1
389,80,133.34,497.0,1
390,27,32.18,106.73,0
391,58,158.62,295.46,0
392,35,239.47,56.26,0
393,20,362.34,379.39,1
394,70,144.71,198.1,0
395,83,111.07,360.47,0
396,27,430.04,181.16,1
397,87,323.0,175.03,0
398,60,128.05,94.86,0
399,65,130.5,211.64,0
400,26,358.98,377.64,1
401,77,499.53,396.56,1
402,39,132.54,407.77,0
403,40,304.84,304.71,1
404,67,319.37,452.67,1
405,66,282.03,162.21,0
406,39,12.46,393.68,0
407,37,496.39,261.47,1
408,41,493.47,64.89,1
409,85,318.78,306.73,1
410,25,452.49,366.05,1
411,40,247.37,151.48,0
412,57,427.21,151.7,1
413,46,14.4,309.71,0
414,43,475.25,274.69,1
415,48,54.21,85.17,0
416,93,173.17,390.1,1
417,46,60.42,197.99,0
418,61,294.49,296.97,1
419,71,249.92,26.09,0
420,33,23.32,146.11,0
421,78,442.24,243.16,1
422,20,61.29,192.6,0
423,43,395.44,314.78,1
424,32,405.2,173.09,1
425,82,219.04,278.44,0
426,80,127.09,183.04,0
427,46,382.7,269.34,1
428,78,432.69,367.24,1
429,51,492.13,467.76,1
430,76,194.01,77.14,0
431,47,476.68,298.65,1
432,94,477.87,422.35,1
433,69,422.54,112.24,1
434,45,286.13,207.02,0
435,45,456.36,364.18,1
436,25,320.41,250.26,1
437,29,164.27,285.75,0
438,49,343.66,43.25,0
439,42,377.79,288.71,1
440,21,469.83,105.58,1
441,25,473.53,364.04,1
442,63,92.24,411.34,0
443,89,97.25,330.22,0
444,38,257.11,19.84,0
445,38,140.09,478.89,1
446,36,28.65,326.28,0
447,45,10.97,301.52,0
448,43,185.12,102.28,0
449,52,461.54,484.38,1
450,64,100.89,199.44,0
451,21,196.96,462.49,1
452,39,43.47,148.19,0
453,56,235.13,234.96,0
454,70,297.89,309.28,1
455,57,297.16,297.34,1
456,78,66.69,161.61,0
457,65,321.76,167.28,0
458,81,289.6,316.75,1
459,20,55.89,421.78,0
460,20,257.25,166.36,0
461,50,451.42,427.66,1
462,44,399.86,76.52,0
463,33,290.94,278.83,1
464,90,164.32,448.38,1
465,39,453.23,324.27,1
466,35,34.53,32.6,0
467,72,378.96,268.17,1
468,57,250.11,382.83,1
469,21,27.01,333.95,0
470,35,186.7,41.47,0
471,90,316.54,348.4,1
472,52,356.6,261.28,1
473,20,180.16,258.17,0
474,33,31.45,282.01,0
475,79,88.69,172.96,0
476,80,212.42,255.4,0
477,90,92.58,134.74,0
478,68,85.08,248.18,0
479,59,306.49,222.92,0
480,88,338.86,390.26,1
481,42,17.69,37.26,0
482,59,396.77,372.21,1
483,45,350.43,93.11,0
484,52,77.43,360.29,0
485,52,468.1,443.82,1
486,22,342.56,14.5,0
487,58,77.75,181.84,0
488,34,265.68,421.68,1
489,40,489.39,190.33,1
490,20,71.02,213.83,0
491,45,113.37,394.05,0
492,24,287.65,305.41,1
493,30,353.32,92.14,0
494,27,64.2,344.24,0
495,20,432.75,344.42,1
496,33,456.18,182.69,1
497,33,404.65,236.83,1
498,23,328.6,177.39,0
499,91,273.38,23.58,0
500,65,373.06,319.95,1
501,22,91.79,318.66,0
502,40,125.6,117.69,0
503,91,170.48,46.8,0
504,45,277.96,209.16,0
505,68,489.24,140.06,1
506,70,303.38,101.81,0
507,30,40.64,395.47,0
508,30,251.59,256.12,0
509,67,243.84,42.35,0
510,78,153.89,362.97,1
511,52,191.75,485.29,1
512,76,13.28,129.61,0
513,43,325.23,342.43,1
514,60,259.24,283.47,1
515,64,383.28,230.87,1
516,57,447.71,485.78,1
517,46,270.09,292.31,1
518,57,111.79,41.05,0
519,50,194.05,316.03,0
520,80,361.55,163.1,1
521,24,230.42,440.31,1
522,37,358.49,50.13,0
523,66,351.42,406.55,1
524,32,135.07,96.77,0
525,52,456.17,445.9,1
526,79,159.93,290.0,0
527,36,105.56,219.33,0
528,53,37.37,180.88,0
529,79,191.94,347.36,1
530,83,107.23,22.88,0
531,89,238.21,30.61,0
532,63,354.24,466.09,1
533,71,286.58,349.94,1
534,31,435.57,28.52,0
535,22,365.53,208.33,1
536,64,353.62,44.81,0
537,80,142.17,56.41,0
538,28,153.74,78.74,0
539,44,411.72,376.51,1
540,68,474.52,223.16,1
541,29,322.23,482.37,1
542,26,48.37,121.3,0
543,86,407.56,84.95,0
544,26,243.68,432.3,1
545,61,62.68,21.66,0
546,30,440.56,317.22,1
547,41,35.24,418.46,0
548,26,378.28,237.89,1
549,76,34.53,433.98,0
550,71,355.06,60.28,0
551,26,328.19,428.68,1
552,83,80.73,268.2,0
553,84,78.62,329.64,0
554,94,275.82,264.17,1
555,41,434.27,339.9,1
556,33,297.19,396.28,1
557,70,86.02,187.43,0
558,93,443.54,279.12,1
559,66,477.88,497.74,1
560,78,59.82,50.72,0
561,85,161.94,477.29,1
562,29,11.49,301.11,0
563,75,166.41,60.61,0
564,22,201.1,407.58,1
565,64,173.28,154.54,0
566,56,166.93,30.55,0
567,93,70.98,352.78,0
568,50,233.58,42.44,0
569,64,191.3,153.71,0
570,35,173.55,81.31,0
571,81,165.93,315.79,0
572,26,381.03,324.09,1
573,85,36.96,392.19,0
574,51,428.07,48.33,0
575,66,81.58,236.78,0
576,51,209.84,134.96,0
577,82,239.93,217.18,0
578,63,85.49,188.32,0
579,45,170.52,306.57,0
580,75,62.68,60.27,0
581,79,31.07,255.45,0
582,72,139.69,108.44,0
583,61,450.39,281.78,1
584,45,160.99,339.5,0
585,78,414.0,442.82,1
586,93,172.24,385.69,1
587,42,90.28,205.76,0
588,22,111.0,46.46,0
589,39,330.05,355.08,1
590,82,389.6,490.0,1
591,64,196.5,445.45,1
592,25,302.33,300.59,1
593,74,166.94,243.15,0
594,42,365.52,370.36,1
595,51,140.55,186.47,0
596,84,91.15,360.5,0
597,79,296.89,222.13,1
598,22,420.09,441.53,1
599,53,426.93,160.79,1
600,47,390.87,290.13,1
601,81,147.96,202.98,0
602,87,103.35,350.08,0
603,34,350.07,322.38,1
604,66,58.98,466.89,0
605,58,18.88,384.23,0
606,54,83.21,206.6,0
607,74,301.67,120.76,0
608,54,297.37,456.22,1
609,49,197.65,294.12,0
610,72,401.94,319.71,1
611,51,369.94,371.47,1
612,31,203.56,160.74,0
613,89,420.39,52.59,0
614,34,262.39,414.56,1
615,42,120.58,316.5,0
616,55,366.14,261.34,1
617,50,177.88,273.32,0
618,20,358.66,363.66,1
619,88,493.69,400.99,1
620,64,207.44,478.44,1
621,79,356.5,66.2,0
622,30,433.47,184.07,1
623,57,106.05,62.01,0
624,43,348.29,208.37,1
625,76,254.87,497.05,1
626,26,83.94,254.18,0
627,52,243.34,234.97,0
628,69,103.75,135.51,0
629,73,103.0,491.45,1
630,45,243.46,72.48,0
631,52,491.08,379.7,1
632,21,210.66,142.64,0
633,79,65.16,149.72,0
634,70,205.83,390.67,1
635,51,276.14,148.48,0
636,89,247.81,328.74,1
637,43,409.06,46.96,0
638,87,326.18,298.89,1
639,50,109.35,112.81,0
640,25,225.97,76.9,0
641,50,440.49,382.11,1
642,48,50.76,270.1,0
643,57,94.28,292.87,0
644,44,225.61,308.4,0
645,90,137.99,66.09,0
646,34,437.8,166.31,1
647,28,18.29,259.57,0
648,42,411.23,104.48,0
649,25,324.95,293.73,1
650,82,278.56,176.42,0
651,59,267.98,423.28,1
652,72,90.51,305.54,0
653,23,239.91,199.04,0
654,20,187.85,228.07,0
655,58,236.76,191.52,0
656,27,67.7,310.12,0
657,29,477.58,121.14,1
658,35,324.05,315.99,1
659,76,448.45,330.13,1
660,83,430.23,338.1,1
661,90,379.61,265.77,1
662,88,164.29,116.94,0
663,26,487.67,192.05,1
664,27,275.06,88.3,0
665,45,417.04,89.58,0
666,23,428.14,335.72,1
667,93,397.91,338.41,1
668,63,47.93,163.68,0
669,44,459.64,90.96,1
670,48,153.08,148.63,0
671,31,339.28,18.06,0
672,60,453.75,401.22,1
673,84,298.11,62.77,0
674,59,468.61,458.09,1
675,79,108.2,236.37,0
676,82,272.72,379.33,1
677,23,55.34,222.26,0
678,73,288.88,463.13,1
679,79,319.09,472.78,1
680,30,286.47,117.04,0
681,50,142.04,197.63,0
682,57,313.08,51.74,0
683,52,346.9,260.5,1
684,49,136.95,293.0,0
685,55,57.23,437.99,0
686,60,31.13,159.93,0
687,42,470.71,102.92,1
688,84,412.01,384.92,1
689,41,316.09,90.44,0
690,93,71.02,69.22,0
691,70,431.14,442.24,1
692,42,236.7,347.0,1
693,32,126.62,88.86,0
694,77,233.84,474.94,1
695,43,137.69,152.35,0
696,52,87.37,359.14,0
697,91,159.95,267.42,0
698,42,410.45,274.59,1
699,49,472.58,203.08,1
700,45,18.55,449.68,0
701,91,321.54,357.91,1
702,82,52.31,187.8,0
703,63,339.66,253.76,1
704,56,235.27,24.66,0
705,74,405.01,25.34,0
706,31,196.36,469.36,1
707,90,442.19,359.88,1
708,29,412.18,139.19,0
709,62,142.77,40.64,0
710,69,85.81,10.48,0
711,41,290.86,459.19,1
712,32,401.76,403.42,1
713,40,479.59,135.1,1
714,62,373.12,195.78,1
715,81,264.8,202.17,0
716,91,387.38,242.73,1
717,72,62.21,298.7,0
718,65,33.88,136.66,0
719,87,484.86,417.87,1
720,66,143.15,126.73,0
721,50,46.55,188.81,0
722,66,209.76,297.11,0
723,52,162.19,197.83,0
724,70,122.51,113.12,0
725,63,68.24,251.83,0
726,70,442.19,187.88,1
727,55,46.7,99.84,0
728,63,74.92,434.51,0
729,90,425.49,399.55,1
730,70,250.12,217.8,0
731,60,212.3,327.29,1
732,29,122.64,476.65,1
733,69,280.28,186.59,0
734,34,284.62,258.68,0
735,62,169.49,190.41,0
736,25,267.96,227.97,0
737,71,194.44,33.58,0
738,31,389.54,252.1,1
739,53,271.62,218.22,0
740,32,422.17,274.67,1
741,46,185.99,359.83,0
742,40,266.54,136.46,0
743,44,287.93,405.43,1
744,83,65.23,352.09,0
745,32,455.85,59.05,0
746,27,399.21,466.16,1
747,41,465.16,453.14,1
748,51,496.58,24.76,0
749,42,101.0,269.25,0
750,59,394.8,213.34,1
751,86,423.76,339.09,1
752,35,269.14,108.72,0
753,51,152.85,18.81,0
754,38,339.36,147.55,0
755,74,462.92,115.51,1
756,34,60.27,35.19,0
757,54,204.9,468.16,1
758,65,386.68,381.78,1
759,33,314.59,333.11,1
760,30,497.31,80.57,1
761,72,198.22,313.78,0
762,37,14.64,158.01,0
763,29,182.62,363.44,0
764,88,338.68,395.55,1
765,93,133.56,229.25,0
766,49,346.65,494.2,1
767,34,13.84,309.56,0
768,63,13.05,364.14,0
769,60,159.9,413.42,1
770,55,128.09,397.53,0
771,77,24.3,188.92,0
772,86,322.47,73.68,0
773,79,357.67,24.12,0
774,65,409.89,243.22,1
775,20,324.86,250.54,1
776,62,309.68,237.5,1
777,86,156.07,337.88,0
778,54,348.84,338.23,1
779,72,464.33,48.53,0
780,21,222.76,334.04,0
781,34,145.96,339.0,0
782,78,289.55,168.5,0
783,87,451.02,478.73,1
784,44,210.46,333.97,0
785,44,325.44,100.8,0
786,70,414.81,144.99,1
787,29,344.24,455.12,1
788,55,483.74,37.9,0
789,90,75.67,15.98,0
790,76,157.86,429.54,1
791,59,224.25,392.34,1
792,68,197.76,489.14,1
793,50,30.73,108.57,0
794,58,24.05,473.55,0
795,54,344.47,87.72,0
796,56,70.29,329.13,0
797,35,215.63,170.53,0
798,90,43.76,259.34,0
799,53,418.74,269.32,1
800,58,16.26,330.72,0
801,38,94.64,431.72,0
802,33,237.69,25.44,0
803,74,420.03,81.43,0
804,62,472.15,462.89,1
805,45,283.97,460.71,1
806,76,254.73,56.78,0
807,32,342.05,128.35,0
808,52,262.83,252.92,0
809,34,205.89,309.6,0
810,57,90.63,82.71,0
811,32,250.62,257.87,0
812,56,162.12,289.6,0
813,83,57.08,175.67,0
814,71,216.36,151.65,0
815,65,232.8,394.65,1
816,46,451.96,267.1,1
817,29,233.91,96.06,0
818,28,229.02,254.63,0
819,41,30.91,15.64,0
820,34,361.48,102.43,0
821,53,489.36,435.89,1
822,47,244.59,194.68,0
823,54,357.88,109.74,0
824,55,310.81,289.33,1
825,55,60.47,124.16,0
826,27,80.99,86.83,0
827,54,164.35,202.79,0
828,88,303.46,223.68,1
829,65,106.63,258.96,0
830,31,403.85,306.51,1
831,93,101.94,54.19,0
832,83,278.24,259.15,1
833,37,44.8,143.11,0
834,29,499.75,286.43,1
835,29,244.41,23.47,0
836,61,255.16,318.76,1
837,50,364.2,229.49,1
838,25,127.41,417.61,0
839,67,100.89,270.24,0
840,79,309.64,262.59,1
841,87,103.92,48.04,0
842,56,461.75,478.89,1
843,64,417.34,107.9,0
844,55,107.06,412.26,0
845,35,153.5,218.88,0
846,29,211.32,368.58,1
847,27,367.3,481.82,1
848,63,242.11,155.92,0
849,51,303.24,71.03,0
850,56,329.96,313.28,1
851,86,478.73,365.2,1
852,35,111.21,237.38,0
853,37,214.21,408.95,1
854,30,356.48,31.25,0
855,22,338.47,255.31,1
856,62,276.59,158.5,0
857,69,347.92,170.19,0
858,65,430.77,112.97,1
859,82,470.75,48.33,1
860,90,453.61,467.0,1
861,65,190.97,482.75,1
862,66,387.15,142.84,1
863,79,397.92,98.3,0
864,26,304.98,207.53,0
865,88,115.64,56.8,0
866,36,370.7,439.24,1
867,57,351.91,56.92,0
868,89,136.94,383.75,1
869,68,296.07,142.22,0
870,88,408.82,211.29,1
871,47,471.75,197.07,1
872,38,130.78,220.88,0
873,23,287.99,224.56,0
874,60,184.67,179.45,0
875,40,187.18,81.59,0
876,63,418.98,385.57,1
877,35,336.99,234.59,1
878,24,166.19,170.75,0
879,45,269.98,59.93,0
880,73,153.4,125.87,0
881,61,284.86,75.37,0
882,59,91.46,62.42,0
883,68,407.31,294.42,1
884,34,98.46,209.45,0
885,62,343.21,39.27,0
886,81,224.46,192.2,0
887,74,82.07,163.3,0
888,21,255.53,437.72,1
889,64,151.16,357.85,0
890,45,140.73,202.11,0
891,78,387.32,228.4,1
892,32,319.66,22.98,0
893,78,20.09,203.92,0
894,62,327.12,203.59,0
895,94,29.76,143.57,0
896,22,395.1,92.22,0
897,61,275.25,335.44,1
898,37,165.84,141.93,0
899,88,55.21,461.49,1
900,30,163.36,96.25,0
901,31,148.84,321.39,0
902,77,432.74,132.24,1
903,70,343.46,269.31,1
904,30,277.34,486.03,1
905,69,304.56,421.1,1
906,24,456.31,276.72,1
907,87,27.09,221.0,0
908,40,352.78,417.91,1
909,58,18.5,385.62,0
910,72,405.35,14.93,0
911,92,17.91,389.99,0
912,69,245.15,490.93,1
913,26,17.44,28.72,0
914,40,290.87,204.17,0
915,52,253.76,454.73,1
916,50,293.85,135.1,0
917,75,339.98,123.77,0
918,40,431.5,224.68,1
919,40,482.55,17.12,0
920,69,433.47,60.92,0
921,66,321.44,355.22,1
922,30,56.22,342.5,0
923,87,142.08,466.66,1
924,42,128.78,177.94,0
925,56,419.73,435.59,1
926,21,219.85,21.17,0
927,87,433.52,247.71,1
928,49,272.85,241.93,0
929,70,483.85,115.21,1
930,59,217.17,109.53,0
931,65,56.95,470.68,0
932,90,317.95,77.8,0
933,65,314.18,390.09,1
934,79,295.45,76.92,0
935,27,482.65,389.11,1
936,92,471.51,79.39,1
937,91,194.55,252.99,0
938,44,348.21,487.14,1
939,37,342.3,140.8,0
940,58,157.0,19.04,0
941,49,150.69,131.09,0
942,42,287.91,170.91,0
943,57,434.64,235.46,1
944,36,327.07,244.03,1
945,49,311.58,423.38,1
946,53,173.21,406.18,1
947,83,43.97,397.72,0
948,24,197.09,230.66,0
949,52,219.22,128.79,0
950,48,156.81,419.91,1
951,79,109.8,249.36,0
952,64,43.69,295.76,0
953,33,46.89,183.34,0
954,23,105.39,456.06,0
955,32,486.86,49.09,0
956,81,198.26,467.81,1
957,35,189.24,410.76,1
958,57,308.06,149.45,0
959,39,72.57,180.77,0
960,94,45.45,193.9,0
961,69,218.52,117.01,0
962,30,251.03,231.14,0
963,76,442.49,492.62,1
964,68,71.12,378.33,0
965,36,97.73,126.43,0
966,85,352.77,288.35,1
967,32,299.62,116.53,0
968,84,271.61,230.68,0
969,64,200.26,500.0,1
970,75,192.85,340.59,1
971,32,112.57,210.01,0
972,22,489.15,440.83,1
973,27,488.58,281.48,1
974,78,23.7,214.99,0
975,65,278.61,129.27,0
976,86,477.63,416.79,1
977,37,470.82,306.21,1
978,68,478.57,225.12,1
979,24,441.66,225.85,1
980,44,206.8,395.65,1
981,60,375.5,75.04,0
982,33,368.96,326.98,1
983,63,254.24,173.57,0
984,40,439.93,45.85,0
985,37,387.41,233.01,1
986,68,363.23,237.5,1
987,84,462.04,190.77,1
988,73,482.09,353.64,1
989,81,212.63,43.58,0
990,76,155.44,100.16,0
991,29,461.69,198.3,1
992,91,133.1,260.16,0
993,75,28.85,149.09,0
994,61,307.91,50.48,0
995,84,439.51,154.06,1
996,74,337.75,414.98,1
997,29,431.93,360.57,1
998,40,39.72,422.07,0
999,22,262.11,266.59,0
1000,38,216.07,279.68,0
1001,62,320.88,41.11,0
1002,25,316.57,239.26,0
1003,47,146.87,299.64,0
1004,32,42.64,327.08,0
1005,54,184.5,386.35,1
1006,86,304.48,264.67,1
1007,69,185.03,231.95,0
1008,25,113.88,242.07,0
1009,26,175.91,198.07,0
1010,32,63.24,383.38,0
1011,87,12.44,97.66,0
1012,78,172.56,388.34,1
1013,27,379.63,344.39,1
1014,70,350.7,312.31,1
1015,57,163.69,372.54,0
1016,77,238.81,311.87,1
1017,70,353.74,398.49,1
1018,25,499.5,211.62,1
1019,91,252.21,428.57,1
1020,34,284.36,333.54,1
1021,54,490.72,126.89,1
1022,75,222.58,134.19,0
1023,79,393.26,239.91,1
1024,90,378.31,347.17,1
1025,94,396.1,24.57,0
1026,81,366.91,108.49,0
1027,83,418.52,50.1,0
1028,52,366.36,412.73,1
1029,87,198.23,38.78,0
1030,34,212.92,312.01,0
1031,28,420.41,391.49,1
1032,71,423.55,375.29,1
1033,47,126.68,354.8,0
1034,69,252.4,214.87,0
1035,21,336.31,108.7,0
1036,69,281.17,115.36,0
1037,86,163.63,44.84,0
1038,55,237.35,495.9,1
1039,82,221.76,338.49,1
1040,34,485.15,260.27,1
1041,73,411.17,292.77,1
1042,55,85.32,345.84,0
1043,21,293.16,379.29,1
1044,82,450.74,21.79,0
1045,67,403.95,118.96,0
1046,51,173.61,275.63,0
1047,93,341.29,13.07,0
1048,42,23.46,223.29,0
1049,25,237.6,320.06,0
1050,27,375.24,85.54,0
1051,87,319.81,179.79,0
1052,51,459.14,300.55,1
1053,43,492.78,79.22,1
1054,23,493.02,480.99,1
1055,39,74.89,389.35,0
1056,77,380.51,405.38,1
1057,36,237.74,450.89,1
1058,36,469.04,216.53,1
1059,55,208.47,70.82,0
1060,34,275.92,357.12,1
1061,86,422.84,169.5,1
1062,91,135.79,444.35,1
1063,47,166.06,260.09,0
1064,59,239.38,75.04,0
1065,74,251.28,107.31,0
1066,37,95.26,359.95,0
1067,94,499.02,186.14,1
1068,83,497.2,342.18,1
1069,71,249.64,431.09,1
1070,88,196.9,308.13,0
1071,35,429.49,145.18,1
1072,45,468.68,394.59,1
1073,58,37.82,78.66,0
1074,56,142.31,441.04,1
1075,21,327.14,113.56,0
1076,47,467.84,314.67,1
1077,81,428.27,12.44,0
1078,61,478.76,318.36,1
1079,84,392.47,311.34,1
1080,41,201.31,171.01,0
1081,71,214.29,307.61,0
1082,57,104.15,356.88,0
1083,29,293.73,451.21,1
1084,93,326.11,480.7,1
1085,45,497.4,405.73,1
1086,58,432.64,187.12,1
1087,70,191.72,491.98,1
1088,30,150.91,296.08,0
1089,24,167.63,268.65,0
1090,75,334.21,428.87,1
1091,72,211.46,134.91,0
1092,92,416.36,40.58,0
1093,25,255.15,396.95,1
1094,38,353.48,338.55,1
1095,55,120.49,191.58,0
1096,34,423.74,189.35,1
1097,60,106.46,46.58,0
1098,68,49.86,431.65,0
1099,24,152.39,414.09,0
1100,33,34.19,482.09,0
1101,85,483.04,429.48,1
1102,74,489.2,424.93,1
1103,60,78.75,289.68,0
1104,67,365.69,323.26,1
1105,59,320.65,495.08,1
1106,78,202.16,344.54,1
1107,93,202.23,296.32,0
1108,64,466.31,92.89,1
1109,91,410.99,187.45,1
1110,93,255.39,492.34,1
1111,69,38.4,107.99,0
1112,24,430.03,146.31,1
1113,75,60.44,421.08,0
1114,67,334.45,306.94,1
1115,84,33.26,159.49,0
1116,28,238.88,437.22,1
1117,36,391.22,21.15,0
1118,87,26.83,178.66,0
1119,23,48.62,317.8,0
1120,20,489.37,229.02,1
1121,65,227.09,374.8,1
1122,94,183.07,153.54,0
1123,77,396.7,395.69,1
1124,36,410.8,409.97,1
1125,91,109.71,336.45,0
1126,33,126.45,212.95,0
1127,84,487.69,215.51,1
1128,87,458.23,407.29,1
1129,86,244.16,22.19,0
1130,73,193.69,204.21,0
1131,74,344.63,390.83,1
1132,64,253.75,469.63,1
1133,23,376.46,111.26,0
1134,83,87.15,224.56,0
1135,26,373.38,361.24,1
1136,73,489.78,249.41,1
1137,25,159.32,312.86,0
1138,52,430.97,346.84,1
1139,28,328.15,76.53,0
1140,60,452.71,86.55,1
1141,37,44.91,161.54,0
1142,26,143.97,372.24,0
1143,54,163.38,58.32,0
1144,54,466.01,431.43,1
1145,94,265.2,404.15,1
1146,27,395.55,262.23,1
1147,43,450.17,479.12,1
1148,47,396.18,138.15,0
1149,73,313.65,116.78,0
1150,47,452.38,46.18,0
1151,72,387.18,64.07,0
1152,33,294.64,257.85,0
1153,42,329.43,26.88,0
1154,66,442.64,109.12,1
1155,77,230.87,126.66,0
1156,91,454.75,275.57,1
1157,22,233.99,461.25,1
1158,33,265.23,464.62,1
1159,65,267.17,389.89,1
1160,49,443.56,146.93,1
1161,52,214.16,449.75,1
1162,60,375.03,179.11,1
1163,49,408.81,241.14,1
1164,83,176.49,43.4,0
1165,23,195.73,176.37,0
1166,39,97.93,462.49,1
1167,42,163.49,431.39,1
1168,35,357.78,20.45,0
1169,66,18.8,90.54,0
1170,48,92.15,103.57,0
1171,76,231.51,333.75,1
1172,40,138.83,430.21,1
1173,66,233.52,393.54,1
1174,63,40.65,456.99,0
1175,56,181.68,409.12,1
1176,46,381.99,486.92,1
1177,56,269.14,21.3,0
1178,63,21.76,390.09,0
1179,68,210.38,283.24,0
1180,62,121.35,351.28,0
1181,35,194.73,23.03,0
1182,67,41.67,237.9,0
1183,66,455.22,227.34,1
1184,25,302.16,385.62,1
1185,35,113.35,37.26,0
1186,41,135.16,298.85,0
1187,67,36.19,257.91,0
1188,71,195.97,433.52,1
1189,76,430.97,495.65,1
1190,93,215.2,311.29,1
1191,62,166.4,481.76,1
1192,88,149.22,454.16,1
1193,30,158.02,164.69,0
1194,34,429.1,137.03,1
1195,39,357.15,248.43,1
1196,32,301.81,70.15,0
1197,54,201.01,60.1,0
1198,23,360.36,77.35,0
1199,56,87.32,349.07,0
1200,41,198.2,164.53,0
